"program_workflow_id","program_id","concept_id","creator","date_created","retired","changed_by","date_changed","uuid"
"1","1","6275","1","2012-02-29 10:11:08","0","1","2013-07-24 11:45:26","beea7be9-cbf5-4a15-923a-ff193eea9d50"
"2","2","6276","1","2012-02-29 10:17:25","0","1","2013-07-24 11:45:49","a59bd818-d2f0-4a9a-a2f2-0a54af4ce04e"
"3","6","6280","1","2012-02-29 16:56:59","0","327","2018-06-20 09:44:17","ce8e82d3-f1e8-4263-8dcf-0b20740b0221"
"4","5","6281","1","2012-02-29 17:00:42","0","1","2013-07-24 11:46:08","8ac84757-6fb0-4b56-ac51-50d5efb004af"
"5","8","5272","1","2012-06-26 11:39:12","0","1","2013-07-24 07:56:14","38b2c29f-496c-4b3d-b792-e2f7cdc7c8b7"
"6","10","6337","1","2018-07-23 22:49:36","0","1","2018-07-23 22:58:56","ff1c515c-8d01-4457-9aee-40b76596f071"
"7","11","6352","1","2018-07-23 23:04:19","0","1","2018-07-23 23:04:53","d385ed4d-4cc7-46fe-a897-8a0f727389a6"
"9","12","6353","1","2018-07-23 23:08:52","0","1","2018-07-23 23:09:41","5dd987d1-713b-411e-8dcc-9c41422f0f0e"
"8","13","6357","327","2018-08-21 10:24:54","0","327","2018-08-21 10:27:15","df5ec4b1-f37a-413a-b02b-218d296b3691"
"10","13","6357","327","2018-08-21 10:24:54","0","327","2018-08-21 10:27:15","af5ec4b1-f37a-413a-b02b-218d296b3692"
"11","13","6357","327","2018-08-21 10:24:54","0","327","2018-08-21 10:27:15","af5ec4b1-f37a-413a-b02b-218d296b3693"
